{"n": 1000, "d": 500, "pi": [0.1, 0.15, 0.2], "tau": [1.0, 1.5555555555555556, 2.111111111111111, 2.666666666666667, 3.2222222222222223, 3.7777777777777777, 4.333333333333334, 4.888888888888889, 5.444444444444445, 6.0], "mu": 2.5, "REP": 100, "n_test": 100000, "seed": 2024, "terminate": false}