{"n": 1000, "d": 500, "pi": [0.01, 0.06444444444444444, 0.11888888888888888, 0.17333333333333334, 0.22777777777777777, 0.2822222222222222, 0.33666666666666667, 0.3911111111111111, 0.44555555555555554, 0.5], "mu": [1.25, 1.5, 1.75], "REP": 100, "n_test": 100000, "seed": 2023, "terminate": false}